{"histogram":{"0":0.001953125,"1":0.009765625,"2":0.0009765625,"3":0.9873046875}}