{"histogram":{"0":0.001953125,"1":0.0234375,"16":0.005859375,"17":0.962890625,"19":0.001953125,"21":0.0009765625,"25":0.0029296875}}