{"histogram":{"0":0.00390625,"1":0.0361328125,"4":0.0068359375,"5":0.9521484375,"7":0.0009765625}}