{"histogram":{"0":0.0009765625,"1":0.015625,"3":0.001953125,"32":0.0078125,"33":0.9638671875,"35":0.005859375,"41":0.0029296875,"49":0.0009765625}}