{"histogram":{"0":0.001953125,"1":0.0224609375,"8":0.0029296875,"9":0.9716796875,"11":0.0009765625}}