{"histogram":{"0":0.005859375,"1":0.0322265625,"9":0.0009765625,"64":0.00390625,"65":0.931640625,"67":0.0009765625,"69":0.0009765625,"73":0.0205078125,"81":0.001953125,"97":0.0009765625}}